Class,AUC
gan_generated,0.9474275555555556
real,0.9474275555555556
